{
	"format_version": "1.8.0",
	"animations": {
		"animation.quarry_miner.mine": {
			"loop": true,
			"animation_length": 1,
			"bones": {
				"body": {
					"rotation": {
						"0.0": [-17.5, 0, 0],
						"0.25": [7.5, 0, 0],
						"0.5": [40, 0, 0],
						"0.75": [7.5, 0, 0],
						"1.0": [-17.5, 0, 0]
					},
					"position": {
						"0.0": [0, 0, 3],
						"0.25": [0, 0, -1],
						"0.5": [0, -3, -6],
						"0.75": [0, 0, -1],
						"1.0": [0, 0, 3]
					}
				},
				"leftArm": {
					"rotation": {
						"0.0": [-151.1765, 13.46726, -26.18907],
						"0.25": [-91.1137, 29.15111, -2.24372],
						"0.5": [-14.17829, 18.11579, 27.98934],
						"0.75": [-91.1137, 29.15111, -2.24372],
						"1.0": [-151.1765, 13.46726, -26.18907]
					},
					"position": {
						"0.0": [0, 0, 2],
						"0.25": [0, 0, -1],
						"0.5": [0, -4, -5],
						"0.75": [0, 0, -1],
						"1.0": [0, 0, 2]
					}
				},
				"rightArm": {
					"rotation": {
						"0.0": [-150.82928, -3.77907, 26.60139],
						"0.25": [-97.64026, -23.81639, 12.77469],
						"0.5": [-14.28461, -30.00057, -21.99082],
						"0.75": [-97.64026, -23.81639, 12.77469],
						"1.0": [-150.82928, -3.77907, 26.60139]
					},
					"position": {
						"0.0": [0, 0, 2],
						"0.25": [0, 0, -1],
						"0.5": [0, -3, -5],
						"0.75": [0, 0, -1],
						"1.0": [0, 0, 2]
					}
				},
				"head": {
					"rotation": {
						"0.0": [-17.5, 0, 0],
						"0.25": [2.5, 0, 0],
						"0.5": [52.5, 0, 0],
						"0.75": [2.5, 0, 0],
						"1.0": [-17.5, 0, 0]
					},
					"position": {
						"0.0": [0, 0, 2],
						"0.25": [0, 0, -1],
						"0.5": [0, -3, -6],
						"0.75": [0, 0, -1],
						"1.0": [0, 0, 2]
					}
				},
				"hat": {
					"rotation": {
						"0.0": [-15, 0, 0],
						"0.25": [5, 0, 0],
						"0.5": [52.5, 0, 0],
						"0.75": [5, 0, 0],
						"1.0": [-15, 0, 0]
					},
					"position": {
						"0.0": [0, 0, 2],
						"0.25": [0, 0, -1],
						"0.5": [0, -3, -6],
						"0.75": [0, 0, -1],
						"1.0": [0, 0, 2]
					}
				}
			}
		}
	}
}